{"cameraMode":{"drawMode":0,"name":"Shaded","section":"Shading Mode"},"sceneLighting":true,"audioPlay":false,"sceneViewState":{"showFog":true,"showMaterialUpdate":false,"showSkybox":true,"showFlares":true,"showImageEffects":true,"showParticleSystems":true},"in2DMode":false,"pivot":{"x":-7.7804365158081059,"y":5.915149211883545,"z":-9.691998481750489},"rotation":{"x":-0.10825569182634354,"y":-0.7159034013748169,"z":0.11392379552125931,"w":-0.680285632610321},"size":1.7660253047943116,"orthographic":false}